slurm/manifests/estop_mixed_cpl_all/configs/0001.yaml	runs/mw_estop_mixed/mw_button-press-v2/estop_hold+pref+demo+corr_90_10/cpl_s0
slurm/manifests/estop_mixed_cpl_all/configs/0002.yaml	runs/mw_estop_mixed/mw_button-press-v2/estop_hold+pref+demo+corr_90_10/cpl_s1
slurm/manifests/estop_mixed_cpl_all/configs/0003.yaml	runs/mw_estop_mixed/mw_button-press-v2/estop_hold+pref+demo+corr_90_10/cpl_s2
slurm/manifests/estop_mixed_cpl_all/configs/0004.yaml	runs/mw_estop_mixed/mw_door-open-v2/estop_hold+pref+demo+corr_90_10/cpl_s0
slurm/manifests/estop_mixed_cpl_all/configs/0005.yaml	runs/mw_estop_mixed/mw_door-open-v2/estop_hold+pref+demo+corr_90_10/cpl_s1
slurm/manifests/estop_mixed_cpl_all/configs/0006.yaml	runs/mw_estop_mixed/mw_door-open-v2/estop_hold+pref+demo+corr_90_10/cpl_s2
slurm/manifests/estop_mixed_cpl_all/configs/0007.yaml	runs/mw_estop_mixed/mw_drawer-open-v2/estop_hold+pref+demo+corr_90_10/cpl_s0
slurm/manifests/estop_mixed_cpl_all/configs/0008.yaml	runs/mw_estop_mixed/mw_drawer-open-v2/estop_hold+pref+demo+corr_90_10/cpl_s1
slurm/manifests/estop_mixed_cpl_all/configs/0009.yaml	runs/mw_estop_mixed/mw_drawer-open-v2/estop_hold+pref+demo+corr_90_10/cpl_s2
slurm/manifests/estop_mixed_cpl_all/configs/0010.yaml	runs/mw_estop_mixed/mw_plate-slide-v2/estop_hold+pref+demo+corr_90_10/cpl_s0
slurm/manifests/estop_mixed_cpl_all/configs/0011.yaml	runs/mw_estop_mixed/mw_plate-slide-v2/estop_hold+pref+demo+corr_90_10/cpl_s1
slurm/manifests/estop_mixed_cpl_all/configs/0012.yaml	runs/mw_estop_mixed/mw_plate-slide-v2/estop_hold+pref+demo+corr_90_10/cpl_s2
